,initial,normalized,clustered
0,en:sandwiches,en:sandwiches,en:sandwiches
1,en:meats,en:meats,en:meats
2,en:pastas,en:pastas,en:pastas
3,en:meals,en:meals,en:meals
4,en:sausages,en:sausages,en:sausages
5,en:pies,en:pies,en:pies
6,en:salted-spreads,en:salted-spreads,en:salted-spreads
7,en:meals-with-meat,en:meals-with-meat,en:meals-with-meat
8,en:groceries,en:groceries,en:groceries
9,en:biscuits,en:biscuits,en:biscuits
10,en:cookies,en:cookies,en:cookies
11,en:candies,en:candies,en:candies
12,en:sodas,en:sodas,en:beverages
13,en:chips-and-fries,en:chips-and-fries,en:chips-and-fries
14,en:flours,en:flours,en:flours
15,en:cheeses,en:cheeses,en:cheeses
16,en:labeled-products,en:labeled-products,en:french-cheeses
17,en:rices,en:rices,en:rices
18,en:pastries,en:pastries,en:pastries
19,en:frozen-foods,en:frozen-foods,en:frozen-foods
20,en:beverages,en:beverages,en:beverages
21,en:farming-products,en:farming-products,en:farming-products
22,en:plant-based-foods-and-beverages,en:plant-based-foods-and-beverages,en:plant-based-foods-and-beverages
23,en:canned-foods,en:canned-foods,en:canned-foods
24,en:breads,en:breads,en:breads
25,en:milks,en:milks,en:milks
26,en:cakes,en:cakes,en:cakes
27,en:cow-cheeses,en:cow-cheeses,en:french-cheeses
28,en:desserts,en:desserts,en:desserts
29,en:tomatoes,en:tomatoes,en:fresh-vegetables
30,en:sugary-snacks,en:sugary-snacks,en:sugary-snacks
31,en:apple-juices,en:apple-juices,en:beverages
32,en:sugars,en:sugars,en:sugars
33,fr:purees-de-pommes-de-terre,fr:purees-de-pommes-de-terre,fr:purees-de-pommes-de-terre
34,en:fruit-sodas,en:fruit-sodas,en:beverages
35,en:yogurts,en:yogurts,en:yogurts
36,fr:pates-a-tartiner,fr:pates-a-tartiner,fr:pates-a-tartiner
37,en:canned-fishes,en:canned-fishes,en:canned-fishes
38,en:butters,en:butters,en:butters
39,en:chocolates,en:chocolates,en:chocolates
40,en:olive-oils,en:olive-oils,en:olive-oils
41,en:condiments,en:condiments,en:condiments
42,en:nuts,en:nuts,en:nuts
43,en:dried-fruits,en:dried-fruits,en:dried-fruits
44,en:salty-snacks,en:salty-snacks,en:salty-snacks
45,en:soups,en:soups,en:fresh-vegetables
46,en:breakfasts,en:breakfasts,en:breakfasts
47,en:prepared-meats,en:prepared-meats,en:prepared-meats
48,fr:saucissons,fr:saucissons,fr:saucissons
49,en:emmentaler,en:emmentaler,en:emmentaler
50,fr:sables,fr:sables,fr:sables
51,fr:petits-beurres,fr:petits-beurres,fr:petits-beurres
52,en:vegetable-oils,en:vegetable-oils,en:vegetable-oils
53,en:hams,en:hams,en:poultries
54,fr:pates,fr:pates,fr:pates
55,en:fishes,en:fishes,en:fishes
56,en:chocolate-desserts,en:chocolate-desserts,en:chocolate-desserts
57,en:fruit-juices-and-nectars,en:fruit-juices-and-nectars,en:beverages
58,en:fruit-juices,en:fruit-juices,en:beverages
59,en:fruit-yogurts,en:fruit-yogurts,en:fruit-yogurts
60,en:spreads,en:spreads,en:spreads
61,en:salmons,en:salmons,en:salmons
62,en:pickles,en:pickles,en:fresh-vegetables
63,en:fresh-vegetables,en:fresh-vegetables,en:fresh-vegetables
64,en:wheat-flours,en:wheat-flours,en:wheat-flours
65,en:waffles,en:waffles,en:waffles
66,en:green-olives,en:green-olives,en:green-olives
67,en:ice-creams-and-sorbets,en:ice-creams-and-sorbets,en:ice-creams-and-sorbets
68,en:jams,en:jams,en:jams
69,en:creams,en:creams,en:creams
70,en:stirred-yogurts,en:stirred-yogurts,en:fruit-yogurts
71,fr:charcuteries-diverses,fr:charcuteries-diverses,en:sausages
72,en:poultries,en:poultries,en:poultries
73,en:dairies,en:dairies,en:dairies
74,en:ice-creams,en:ice-creams,en:ice-creams
75,en:vinegars,en:vinegars,en:vinegars
76,en:fruits,en:fruits,en:beverages
77,en:sweet-spreads,en:sweet-spreads,en:sweet-spreads
78,en:orange-juices,en:orange-juices,en:beverages
79,es:pan-y-reposteria,es:pan-y-reposteria,es:pan-y-reposteria
80,en:diet-sodas,en:diet-sodas,en:waters
81,en:marinated-olives,en:marinated-olives,en:green-olives
82,en:whole-olives,en:whole-olives,en:green-olives
83,en:baby-foods,en:baby-foods,en:canned-foods
84,fr:compotes-pour-bebe,fr:compotes-pour-bebe,en:beverages
85,en:crustaceans,en:crustaceans,en:crustaceans
86,en:teas,en:teas,en:waters
87,en:dried-hams,en:dried-hams,en:dried-hams
88,en:whole-milk-yogurts,en:whole-milk-yogurts,en:fruit-yogurts
89,en:smoked-fishes,en:smoked-fishes,en:smoked-fishes
90,en:seafood,en:seafood,en:seafood
91,en:squeezed-orange-juices,en:squeezed-orange-juices,en:beverages
92,en:squeezed-juices,en:squeezed-juices,en:beverages
93,fr:pains-de-mie-complet,fr:pains-de-mie-complet,fr:pains-de-mie-complet
94,en:drinkable-yogurts,en:drinkable-yogurts,en:fruit-yogurts
95,en:spices,en:spices,en:spices
96,en:herbal-teas,en:herbal-teas,en:waters
97,fr:lardons,fr:lardons,fr:lardons
98,en:breaded-products,en:breaded-products,en:breaded-products
99,en:french-cheeses,en:french-cheeses,en:french-cheeses
100,en:fruit-nectars,en:fruit-nectars,en:beverages
101,en:tunas,en:tunas,en:tunas
102,en:potatoes,en:potatoes,en:potatoes
103,fr:coquillettes,fr:coquillettes,en:pastas
104,fr:salades-composees,fr:salades-composees,fr:salades-composees
105,en:carbonated-drinks,en:carbonated-drinks,en:beverages
106,en:concentrated-orange-juices,en:concentrated-orange-juices,en:beverages
107,fr:fromages-blancs,fr:fromages-blancs,fr:fromages-blancs
108,fr:chocolats-de-degustation,fr:chocolats-de-degustation,fr:chocolats-de-degustation
109,en:products-with-reduced-salt,en:products-with-reduced-salt,en:poultries
110,en:concentrated-fruit-juices,en:concentrated-fruit-juices,en:beverages
111,fr:jambons-de-paris,fr:jambons-de-paris,en:poultries
112,fr:jambons-crus,fr:jambons-crus,en:dried-hams
113,en:virgin-olive-oils,en:virgin-olive-oils,en:virgin-olive-oils
114,en:vegetable-rods,en:vegetable-rods,en:fresh-vegetables
115,fr:saucissons-secs-pur-porc,fr:saucissons-secs-pur-porc,fr:saucissons-secs-pur-porc
116,en:waters,en:waters,en:waters
117,en:canned-sardines,en:canned-sardines,en:canned-sardines
118,fr:quenelles,fr:quenelles,fr:quenelles
119,fr:petits-pois,fr:petits-pois,fr:petits-pois
120,fr:sans-gluten,fr:sans-gluten,fr:sans-gluten
121,en:sardines,en:sardines,en:sardines
122,en:mushrooms,en:mushrooms,en:fresh-vegetables
123,en:grapefruit-juices,en:grapefruit-juices,en:beverages
124,en:green-teas,en:green-teas,en:waters
125,en:vegetable-fats,en:vegetable-fats,en:vegetable-fats
126,fr:purees,fr:purees,en:canned-foods
127,fr:genoise,fr:genoise,fr:genoise
128,fr:tablettes-de-chocolat,fr:tablettes-de-chocolat,en:chocolates
129,en:fresh-foods,en:fresh-foods,en:fresh-foods
130,en:animal-fats,en:animal-fats,en:animal-fats
131,en:salts,en:salts,en:salts
132,en:fats,en:fats,en:fats
133,en:fish-and-meat-and-eggs,en:fish-and-meat-and-eggs,en:crustaceans
